{"RandomForestClassifier": {"F1-Score": [0.0, 0.0], "Precision": [0.0, 0.0], "ROC_AUC": [0.5, 0.0], "Recall": [0.0, 0.0]}, "LightGBMClassifier": {"F1-Score": [0.4590335202225169, 0.003437597671033919], "Precision": [0.34879284722909576, 0.005357955592193029], "ROC_AUC": [0.7662395144233498, 0.003474771668596464], "Recall": [0.6714129353847366, 0.010930701424718364]}, "XGBoostClassifier": {"F1-Score": [0.4375143244709518, 0.002811053744425554], "Precision": [0.4392242391942456, 0.0074040891237024935], "ROC_AUC": [0.6871007633700824, 0.0003564010339336404], "Recall": [0.43588050637972375, 0.001856470944138408]}, "SVMClassifier": {"F1-Score": [0.4774586498332893, 0.0038446817416517977], "Precision": [0.4060273788570137, 0.004305897513331818], "ROC_AUC": [0.7427556356407045, 0.0027044800625558077], "Recall": [0.5794281587532258, 0.005787921911506507]}, "DecisionTreeClassifier": {"F1-Score": [0.1643522361116834, 0.002543926153483433], "Precision": [0.1604004242028453, 0.0035745223725991136], "ROC_AUC": [0.5353844380510698, 0.0015704233273310133], "Recall": [0.1685239375267262, 0.002029573233087854]}}